iso3,gcm,scenario,variable,from_year,to_year,jan,feb,mar,apr,may,jun,jul,aug,sep,oct,nov,dec
ARG,bccr_bcm2_0,a2,tas,2020,2039,33.68453052227299,33.49421298687318,33.587542372483675,33.08481908944932,32.75729287954469,32.570837461031445,33.24092424832852,33.55680653498707,33.676068408672634,33.536855785663384,33.49516425499556,33.718789379413074
ARG,bccr_bcm2_0,b1,tas,2020,2039,33.694535475510264,33.44406779362574,33.07412749070383,33.4496845538797,33.048762277456646,32.22032341590296,32.57035997830892,33.48730057936436,33.767490504338014,34.00277592585636,33.68570891160188,33.68758767934941
ARG,bccr_bcm2_0,a2,tas,2040,2059,34.69842969454272,35.049587601881626,34.51404794546307,34.46276925893931,33.52790615375205,33.712825070894446,34.39569931030274,34.88570169302191,34.88402258066058,34.774215287428575,34.93785136296259,35.027440115120825
ARG,bccr_bcm2_0,b1,tas,2040,2059,34.31315395648696,34.235366527851404,34.105434711163284,33.40199860792894,33.55598467313273,32.91795842097346,33.46382100031908,34.63900633591887,33.62321941669154,34.11251191359277,34.06069711538515,34.14401785043647
ARG,bccr_bcm2_0,a2,tas,2060,2079,36.13736032339204,36.26517199002869,36.08151333148642,34.823869793231225,34.574773817795574,34.059681408222204,35.01988173264719,36.62075030987023,36.559235323392556,36.10169859666148,36.054659153865785,36.552265871487904
ARG,bccr_bcm2_0,b1,tas,2060,2079,35.24570676363413,35.017425654484946,34.56720434335503,34.11296879694997,34.434939516507065,33.49337633573158,33.83586824857262,34.676480806790984,35.393248396653384,35.300679602990485,34.70679620596019,34.84080405602052
ARG,bccr_bcm2_0,a2,tas,2080,2099,38.15862497182971,38.208977743296444,37.84947973398084,37.15387138953552,37.00530612652135,36.40573783287673,36.95319923987802,38.36738897470331,38.098981358454964,38.41903580885635,38.094723628118636,38.23906179574816
ARG,bccr_bcm2_0,b1,tas,2080,2099,35.21166182297929,35.08991112342224,35.050710531381036,34.39217312152582,33.98932242760304,34.418118814322966,34.25606677715607,35.879154674823326,35.15053188617409,35.62055024367113,35.52383094200716,35.13615141648494
AUS,bccr_bcm2_0,a2,tas,2020,2039,33.78208374023404,33.59359326171872,33.597210205078184,33.61622363281224,33.84631127929703,33.82156079101556,33.92358007812523,33.91260644531263,33.548508056640486,33.2741767578124,33.85287133789032,33.625785888671686
AUS,bccr_bcm2_0,b1,tas,2020,2039,33.41590551757777,33.80952612304655,33.86993432617205,33.43164208984387,33.83106982421876,33.10918408203136,33.02833471679687,33.41147998046859,33.33476000976576,33.417725830078254,33.32005175781243,33.47936083984362
AUS,bccr_bcm2_0,a2,tas,2040,2059,34.33477758789111,34.52419531250021,34.87201513671871,35.00540698242209,34.9856777343752,34.11718334960901,34.119562011718855,34.210680175781576,34.0199519042972,34.61382128906247,34.58853417968683,34.66889672851542
AUS,bccr_bcm2_0,b1,tas,2040,2059,34.0993503417973,34.18180224609349,34.18597192382774,34.27070703125035,34.08079809570268,33.60462817382803,33.66086865234343,34.132335937499796,34.51486157226602,34.1650073242193,33.86639013671888,33.946761474609296
AUS,bccr_bcm2_0,a2,tas,2060,2079,35.61284594726552,35.81693701171868,36.0116320800776,36.086263183594085,36.063091308593684,35.2931853027344,35.22444506835928,35.86379052734392,36.144905761719116,36.31453881835976,36.258096923827836,35.95766943359384
AUS,bccr_bcm2_0,b1,tas,2060,2079,34.27906201171905,35.26084497070375,35.0993303222652,34.79253710937536,34.417733642578426,34.52112524414077,34.58715356445336,34.836201416015356,34.8241713867184,35.00654907226528,34.60984619140639,34.880750976562105
AUS,bccr_bcm2_0,a2,tas,2080,2099,37.58716601562464,37.65713720703104,38.459497070312565,38.23591137695384,37.46190234374976,37.12410009765656,37.1691464843752,37.93921411132824,38.39534912109344,38.90924609375,38.17707275390664,38.37469506835968
AUS,bccr_bcm2_0,b1,tas,2080,2099,35.29387499999984,35.38756567382855,35.82935156250032,35.30560375976608,35.632298583984564,34.9993989257804,35.29157714843784,35.43158935546824,35.422386718749436,35.6755219726568,35.40269750976552,35.4807622070308
AUT,bccr_bcm2_0,a2,tas,2020,2039,35.17993275035491,35.25925403941782,34.921084872160726,35.96999955611,35.18645962802,33.50475241921105,33.72416936700849,33.59229347922538,33.73595969460358,32.30843117453824,32.26146462180418,35.82687266956564
AUT,bccr_bcm2_0,b1,tas,2020,2039,34.519649436257325,35.614991344103274,34.513522061435275,35.456548517402,33.870097767221765,34.43081997958258,33.958088267933874,34.72041459517127,34.436148348723634,33.43650235262829,31.409414950283928,35.750572620739455
AUT,bccr_bcm2_0,a2,tas,2040,2059,37.04653486772109,36.34765957919218,37.00047219016509,37.779852294920545,34.395528897374,35.14450184215127,35.02563476562255,34.00896994850971,34.06794655539691,33.55909479314698,34.28186534534873,35.332388028231634
AUT,bccr_bcm2_0,b1,tas,2040,2059,36.029860063030725,36.60426025390727,34.818622381036725,35.440188876064724,33.993818803271544,34.61994961825018,34.55852106267746,33.225155362215745,33.50670498934618,34.839176802199454,32.984669633345106,35.20741854580945
AUT,bccr_bcm2_0,a2,tas,2060,2079,38.56667314009346,37.26679576527255,37.94554609818964,39.89928477894146,36.61990578391182,36.78859086470109,36.319874156606545,36.48156294389327,36.06492642489418,34.340562300247456,35.503210449220184,36.661983420632
AUT,bccr_bcm2_0,b1,tas,2060,2079,37.22657581675891,37.597569136184546,37.12812832919382,37.887982732598,34.73295898437582,34.94075539328927,35.118249511718545,35.23492931019309,34.91117220791709,33.178398548472906,32.05323375355113,35.352013605292726
AUT,bccr_bcm2_0,a2,tas,2080,2099,39.22230224609273,40.883719704366364,40.22616799094654,41.48869684392746,37.01640735973073,38.284444358130365,37.86297884854291,38.859453790837456,38.59197165749382,35.90245860706564,35.65799283114254,39.24581298828309
AUT,bccr_bcm2_0,b1,tas,2080,2099,36.91346546519764,37.15721712979618,36.24323952414855,37.322606312148366,36.32335981889164,36.13284690163291,35.63125110973073,34.548418634587456,35.201041481714,33.80537331321064,34.554655872694724,34.681318248404544
BGR,bccr_bcm2_0,a2,tas,2020,2039,35.244496154786,34.16397705077922,34.864334869388,35.49997634887625,35.17882537841825,34.36517105102525,34.316055297853254,34.643818664552754,33.950759887697004,33.29923629760722,33.0516593933108,33.64523696899175
BGR,bccr_bcm2_0,b1,tas,2020,2039,35.14987640381225,34.35691070556388,34.115959930422875,34.883766937256,33.57047500610337,34.1082901000958,35.4953346252485,34.6529235839855,33.44297866821297,34.02732086181725,32.68939895629902,35.71778030396
BGR,bccr_bcm2_0,a2,tas,2040,2059,37.937890625,35.30430984496775,36.333948516845,36.28242950439425,35.70454864501925,36.080322265625,38.10198516845675,35.4745361328125,34.824275970458,34.81357803344825,34.86993103027175,35.157971954347246
BGR,bccr_bcm2_0,b1,tas,2040,2059,35.3786392211945,34.486741638184775,34.0369956970223,34.36276092529325,33.66058349609375,34.941548156738,34.96580734253,35.03986892700125,32.5671348571781,33.2587585449221,33.077072143554346,33.52066574096705
BGR,bccr_bcm2_0,a2,tas,2060,2079,38.221701812746254,35.35019836425725,38.45196151733525,38.088382720948246,36.593493652346,37.4123870849615,39.36146469116225,39.0347587585445,36.819557952881,35.76981430053725,35.084445953369,35.49636459350375
BGR,bccr_bcm2_0,b1,tas,2060,2079,35.9912574768065,35.81136322021175,36.66255645751925,36.212515258793005,33.769766998292,35.113786315916,37.59620208739925,37.207691192624,34.96427612305025,33.63845291137715,33.21249923706058,33.144253540038726
BGR,bccr_bcm2_0,a2,tas,2080,2099,37.69930191040025,38.88700637817425,39.1904144287115,40.71344223022475,37.23152465820425,41.18033370971525,41.6646728515625,42.7888557434075,39.59208831787475,36.85533218383775,35.181455230715,36.958397674559
BGR,bccr_bcm2_0,b1,tas,2080,2099,37.225901031494,35.815064239501254,35.94019851684275,36.30037155151325,36.65023117065275,36.91793365478375,37.45200653076425,35.18609695434725,34.91459045410325,33.86443481445538,34.09198913574275,33.14516677856488
CAN,bccr_bcm2_0,a2,tas,2020,2039,33.70221501584903,32.03120202736786,33.153155077324634,32.783694768186535,32.81924540035045,32.787913878393965,33.208548774093934,32.92771616451084,33.6429259453447,33.55597748803316,33.7869248737272,34.663707070272835
CAN,bccr_bcm2_0,b1,tas,2020,2039,34.41507556852743,31.704844235279726,35.49709426129422,33.16785536969312,33.14443017678189,33.18510566086066,33.548482605981235,33.15652445808789,33.78807551149454,34.029012576243986,33.85526321160972,36.27622389496377
CAN,bccr_bcm2_0,a2,tas,2040,2059,36.44368993540274,34.786270006523765,35.06498756783912,34.368005816350134,33.86028009133235,33.90307706238778,34.499965800301055,34.07295991491103,34.63199570952858,35.67741885325928,35.46553621385927,37.1081834036403
CAN,bccr_bcm2_0,b1,tas,2040,2059,34.949316481293266,32.71969125716432,35.0961858130285,33.776011487616984,32.97832914258627,33.12508915135119,33.380086689933435,33.31663722304062,33.896608096263414,33.93350910124221,35.40842383212721,36.14535101718612
CAN,bccr_bcm2_0,a2,tas,2060,2079,41.9678764168164,37.22680900198514,38.30824190733871,36.2198747478547,35.75064178466826,35.11591761854863,35.92685154649061,35.37454730925006,36.61657124503684,37.66546935534873,40.32752401883493,42.1346721111358
CAN,bccr_bcm2_0,b1,tas,2060,2079,37.49828945472587,36.96301006379669,38.32243453229042,35.20787196925423,34.36632324218779,34.11942559914506,34.69688951836261,34.236969224272784,35.1231549072263,35.58664193075202,37.4449667708595,38.895897176773694
CAN,bccr_bcm2_0,a2,tas,2080,2099,45.512315989009984,41.85888578321118,40.49655016289395,36.87369639412296,36.54807473104509,36.37120529424946,37.29163716300569,36.731793873270846,37.87769392169923,40.674900142483246,44.382139492348344,46.8244909617918
CAN,bccr_bcm2_0,b1,tas,2080,2099,39.003600203717355,35.103625043024735,35.63787347512149,35.559341130491376,34.464720173820425,34.45944975305807,34.78505903400359,34.33249993996546,35.404697215596045,36.08829586341711,37.1648928482806,39.66634112748941
CHL,bccr_bcm2_0,a2,tas,2020,2039,33.305968366350186,33.1458808898929,33.28947808401946,33.04291839599599,32.78771678379568,33.012013462611606,33.229213169642854,33.24167088099864,33.54963531494154,33.32914559500569,33.56209400721922,33.21981691632934
CHL,bccr_bcm2_0,b1,tas,2020,2039,33.20262331281407,33.13375669206854,33.03772048950183,33.04677636282798,32.76199406215122,32.48001425606878,33.1309326171876,33.44589396885448,33.503475080217456,33.51748951503201,33.388173566545134,32.99714562552311
CHL,bccr_bcm2_0,a2,tas,2040,2059,34.467342921664795,34.473347146171044,34.227449580601494,34.14389070783306,33.85880137852166,33.9595970153809,34.3084757123668,34.388579777309054,34.44599118913832,34.229992130824776,34.600353022985004,34.44732622418971
CHL,bccr_bcm2_0,b1,tas,2040,2059,34.003609030588585,33.732985360281994,33.954016549247406,33.48649531773153,33.76598554338662,33.36157095772881,34.0062045506068,34.189049421038526,33.67694331577818,33.880361066545646,33.898826926095865,33.75482363019696
CHL,bccr_bcm2_0,a2,tas,2060,2079,35.64113791329468,35.6408004760745,35.65488749912889,34.84806333269434,34.9547239031098,34.64055121285641,35.22920750209214,35.62648784092368,35.78831743512746,35.61875326973975,35.58062188284768,35.753666360037286
CHL,bccr_bcm2_0,b1,tas,2060,2079,34.822756522042575,34.681093706403466,34.355065590993455,34.31190305437259,34.42297483171721,33.98274187360539,34.12701786586273,34.422427477156646,34.66480353219159,34.50166244506837,34.719708687918285,34.416640036447184
CHL,bccr_bcm2_0,a2,tas,2080,2099,37.365008544921395,37.50434559413407,37.427766963413,36.74397103445879,36.95052283150903,36.69165060860943,36.92615083966882,37.33188770839164,37.19631936209482,37.22254039219421,37.442413112095466,37.447907257079855
CHL,bccr_bcm2_0,b1,tas,2080,2099,35.11626118251318,35.00434483119339,35.07753339495018,34.57832935878153,34.32474921090216,34.52916259765625,34.59334923880559,35.424763161795504,35.024121202742215,35.136117008753,35.329895237513654,34.86062404087603
DEU,bccr_bcm2_0,a2,tas,2020,2039,34.72324157714711,35.25086822509796,34.65096527099471,35.6068252563458,34.6937377929692,33.31146820068338,33.05165252685503,33.43134552002015,33.46288726806653,32.181285400390664,32.81292510986341,35.3187252807611
DEU,bccr_bcm2_0,b1,tas,2020,2039,34.05158142089729,35.30180358886631,34.39634887695245,35.2992163085951,34.04237213134859,34.2274533081044,33.46334594726549,34.33910461425977,34.26628723144736,32.9839245605471,32.12921020507826,35.000536499024
DEU,bccr_bcm2_0,a2,tas,2040,2059,36.6881958007781,36.709767456053896,37.4299734497081,37.7599450683596,34.4129931640634,34.9961282348648,34.2259399414049,34.2058129882808,33.81087371826128,33.65865814208945,34.11702148437599,35.100009460448604
DEU,bccr_bcm2_0,b1,tas,2040,2059,36.0228967285136,36.6314624023433,34.7863305664076,35.1289859008775,33.9762728881832,34.09761688232396,33.9440005493159,33.07138946533247,33.70300170898379,34.6762915039067,33.82114318847564,35.0044641113306
DEU,bccr_bcm2_0,a2,tas,2060,2079,39.0203625488261,37.9481903076182,38.233115234375,39.4417459106447,36.4293167114246,36.1959753417962,35.2403927612312,36.0692068481447,35.9442730712885,34.7766461181626,36.4899530029307,36.9813247680668
DEU,bccr_bcm2_0,b1,tas,2060,2079,37.174033203125,37.7373214721687,37.2493856811533,37.0871670532235,34.7218298339864,34.692191467286,33.99991821289085,34.92579101562635,34.69042266845765,33.09173339843723,33.17533935546856,35.8006597900385
DEU,bccr_bcm2_0,a2,tas,2080,2099,39.5493157958963,41.0085885620102,40.874066467286,40.6951431274409,37.1292144775394,37.4087176513664,36.5231015014649,37.730191345214,37.5678738403313,36.2818582153295,36.8925854492201,39.3383508300779
DEU,bccr_bcm2_0,b1,tas,2080,2099,36.775259704589,37.5817605590822,36.3882690429674,36.6164715576182,35.9005117797842,35.55376953125,34.69312805175797,34.54780639648568,34.86423187255838,33.51409729003904,34.8549566650394,34.5880328369153
ESP,bccr_bcm2_0,a2,tas,2020,2039,32.81647727272744,33.38708385120702,33.44921819513475,33.893898148970706,34.253990034624145,32.82127630060362,33.795903431284835,33.55423583984354,33.904430042614294,32.7578452370384,31.901086425781205,33.802580122514215
ESP,bccr_bcm2_0,b1,tas,2020,2039,33.060050825639436,33.952062433416415,34.011774791370634,33.23553577769873,33.33181263316787,32.66026666814627,33.91458906693882,33.60572842684602,33.781837602094726,32.641639848189094,32.05679598721592,33.478080610795075
ESP,bccr_bcm2_0,a2,tas,2040,2059,33.790508478337564,34.31780395507711,34.482838578658125,34.96426780007229,35.297826038706255,34.18963844992984,33.893303888494614,33.669755415483415,34.271281849254855,33.676457075638616,32.83994806463076,33.303919011896
ESP,bccr_bcm2_0,b1,tas,2040,2059,33.54446300159824,33.848419744319,34.211371404473766,34.26486317027791,33.93083884499316,33.834140846946745,34.63260886452434,34.313525945490255,34.35110251686756,33.905874911222,32.63537930575281,33.96974875710162
ESP,bccr_bcm2_0,a2,tas,2060,2079,34.85992098721727,34.78657226562418,36.12579900568291,36.29515325372818,36.12404951615818,35.653010697798905,35.88631203391509,36.04515602805473,36.78865245472237,35.23058638139164,34.86727516868109,35.441918390445636
ESP,bccr_bcm2_0,b1,tas,2060,2079,33.862239213424125,34.689379882813945,35.11166603782062,35.57568192915615,35.733467240764725,34.651119162818055,34.730465420809075,34.4101889870378,35.08056640625022,34.06530317826631,32.794499622691895,34.179028320312256
ESP,bccr_bcm2_0,a2,tas,2080,2099,35.70690529563146,36.98975552645382,37.65394231622873,38.13518510298309,38.21583473899291,37.948507412995454,38.89258922230018,38.52359341708018,37.985328258166724,37.09766290838109,35.340682705965094,36.209353360263094
ESP,bccr_bcm2_0,b1,tas,2080,2099,33.91325572620757,34.26542080965882,35.007407448508616,35.35203857421947,35.18255448774849,34.42680664062566,35.62001675692335,35.0691822398786,35.450241366299274,34.695993319424545,33.04091463955978,34.00553255948169
FRA,bccr_bcm2_0,a2,tas,2020,2039,33.87761507901342,34.413266823507584,34.15073353160535,34.33874789151353,34.336767023259966,33.153754216974306,33.542016046697384,33.574607155539525,33.77437189275577,32.04077092950991,32.079074928977256,34.85698297674009
FRA,bccr_bcm2_0,b1,tas,2020,2039,33.515384188564234,34.739667302913965,34.231772682885094,33.625100985441094,33.86674693714504,33.247589111327876,33.508594304865206,33.98203014026905,34.26263427734415,32.73781516335227,31.6662403453481,34.21366688121418
FRA,bccr_bcm2_0,a2,tas,2040,2059,35.399740878017816,35.34950173117995,35.487889515268726,35.54841918945473,34.615896329011235,34.45464200106784,33.863407759234185,33.475174227628294,33.760234485973236,33.38588201349424,33.12586558948924,34.246650834516416
FRA,bccr_bcm2_0,b1,tas,2040,2059,35.123141756924,35.36646062677455,34.27317615855636,34.23227539062494,33.600163685191674,33.786277077416216,34.48370250355002,33.94466497247895,34.20803222656171,34.28272594105214,32.97573908025566,35.261388050426
FRA,bccr_bcm2_0,a2,tas,2060,2079,36.699584960936,35.544713800604,36.55373479669782,37.07305020419,35.63774802468091,35.730684037642185,35.147707852451276,35.756809858844,36.19691883434054,34.50896107066836,35.26762362393527,36.45649746981418
FRA,bccr_bcm2_0,b1,tas,2060,2079,35.63364812677564,36.11883267489309,35.80075683593818,35.94791370738691,35.27208307439655,34.93421852805396,34.66413463245806,34.72212246981495,35.16869007457449,33.21864013671876,32.72412553267051,35.29356800426
FRA,bccr_bcm2_0,a2,tas,2080,2099,37.32840742631328,38.486306485262546,38.303415749289634,38.303492320667274,37.01542857776982,38.017568137427816,38.23794222745127,38.955201305044724,38.21001697887091,36.480525901099455,35.76391102183891,37.725251908736546
FRA,bccr_bcm2_0,b1,tas,2080,2099,35.273702725500364,35.92779541015564,35.57478304776364,35.46530095880764,35.690504039418364,35.187193714488906,35.44762129350113,34.81718916459571,35.32962812944018,34.09859008788953,33.557904607599255,34.27570967240824
GRC,bccr_bcm2_0,a2,tas,2020,2039,33.9996704101568,33.127429199219,33.29981994629,33.8669403076175,34.0156707763669,33.7474212646479,33.386492919921594,33.14514465332009,32.89913024902399,32.61779785156223,32.69143066406256,32.5290557861327
GRC,bccr_bcm2_0,b1,tas,2020,2039,33.9754302978526,33.2945800781247,33.3339782714845,33.8000427246083,33.4937316894534,33.6888732910149,34.3752746582027,33.7232482910172,33.0651458740236,33.5364288330084,32.595004272461,33.9768493652362
GRC,bccr_bcm2_0,a2,tas,2040,2059,35.615258789062,33.8661437988275,34.2326934814449,34.5607910156245,34.841122436522,35.105441284179,35.946844482422,34.537042236327,34.2272613525377,34.1330718994148,34.206033325195904,33.9923919677745
GRC,bccr_bcm2_0,b1,tas,2040,2059,34.1360473632801,33.1978088378908,33.3337799072267,33.5037322998043,33.6728149414057,34.4852081298827,34.3225769042981,34.2720764160157,33.0659332275391,32.9610382080079,33.0597869873046,33.283822631836
GRC,bccr_bcm2_0,a2,tas,2060,2079,36.000305175781,33.9465881347653,35.995483398437,36.061703491212,35.582501220704,36.37575378418,37.577746582029,37.001208496090996,36.101593017578,35.34321899414,34.832684326172,34.857772827147
GRC,bccr_bcm2_0,b1,tas,2060,2079,34.284744262695,34.0496246337879,34.3391998291015,34.4626708984405,33.7054260253904,34.0758483886706,35.098901367187864,34.66959228515681,33.88295898437488,33.0714996337892,32.91561889648459,32.9986724853515
GRC,bccr_bcm2_0,a2,tas,2080,2099,36.138586425783004,36.509347534179,36.393020629884,37.72069091797,36.65856628418,38.789053344727,39.072210693359,39.611138916015,38.311569213868,36.629168701172,35.445983886721,35.764947509768
GRC,bccr_bcm2_0,b1,tas,2080,2099,35.402346801758,34.280551147459,34.2692901611329,34.923599243165,35.428756713868,35.72012023926,35.868927001952,34.577450561523804,34.1563323974616,33.6033142089857,33.479144287109,32.9378479003905
IND,bccr_bcm2_0,a2,tas,2020,2039,33.69680240597353,33.819538892897626,33.709869816873294,33.48806849116775,33.656529735464126,33.512800854707855,33.6506909395742,33.10423243699899,33.2768349436533,33.42600497355509,33.62012123850629,33.64682773826405
IND,bccr_bcm2_0,b1,tas,2020,2039,33.33641098157529,33.376269477236676,33.08989260513182,33.08667570131014,33.44154041931689,33.558856903346,33.206600222967005,32.87329690308698,33.05821722250055,33.136656202468174,33.63876226644612,33.57037650589351
IND,bccr_bcm2_0,a2,tas,2040,2059,34.706671034551164,34.99174388784189,34.42943298879909,34.26879828799118,34.69669292078609,34.52802118622068,33.92930130409945,33.61536454732469,33.87956726614366,34.14484188113495,34.8327476568974,34.66053793578025
IND,bccr_bcm2_0,b1,tas,2040,2059,34.15885260927985,34.59635736246032,33.747439656214894,33.765962313762174,34.29406489819449,33.99142218395734,33.810750559579475,33.55735479034153,33.629169403346175,34.00084466174644,34.29269403778285,34.02150722267368
IND,bccr_bcm2_0,a2,tas,2060,2079,36.523804116037525,35.91542501533894,35.93802817015485,36.470362192339365,36.47218757561855,35.69914626399979,35.21355299147913,34.99784373055524,35.16806619019623,35.67230413656306,36.2888092311072,35.838039945079416
IND,bccr_bcm2_0,b1,tas,2060,2079,34.57949626551296,34.84694627069796,34.3536846869818,34.79176209036277,34.929413976078685,34.42612785406912,34.011922380565444,33.84619653752471,33.94257628854367,34.13319199823721,34.310704324098296,33.76306284676622
IND,bccr_bcm2_0,a2,tas,2080,2099,38.47905187016064,38.77229300979997,38.13110756663,38.52008580570784,38.21010461317798,38.2405756317405,37.43753046356467,36.97668170760216,37.28477966848676,37.73948531699324,38.02599368475211,37.689469085963296
IND,bccr_bcm2_0,b1,tas,2080,2099,35.66125315438357,36.138738419524174,35.49072006360683,35.36374436099935,35.643328425314266,34.951543649318644,35.13701522962193,34.86644627393913,34.805222286798326,35.01340056562827,34.99292273057202,35.34082279711681
ISR,bccr_bcm2_0,a2,tas,2020,2039,32.72343872070308,33.31842529296884,32.82788574218768,32.73196411132808,33.77577514648136,33.415434570312684,33.51132324218912,33.36313964843732,33.21587890625,33.08754760742156,33.7878601074212,32.46178833007826
ISR,bccr_bcm2_0,b1,tas,2020,2039,33.34174926757772,33.170747070312316,33.06709106445308,33.04448120117228,33.90073364257736,32.50131713867192,33.68637939453116,33.77172119140688,33.198212890625,34.0977404785136,33.575087890625,32.35150756835931
ISR,bccr_bcm2_0,a2,tas,2040,2059,34.10896850585924,34.29304443359348,33.59791748046884,33.45108520507808,35.491993408202,34.765115966798,34.9238793945344,34.823200683596,35.108262939452,35.1345532226576,34.9141015625,34.3883728027364
ISR,bccr_bcm2_0,b1,tas,2040,2059,32.67717529296884,32.83176391601576,33.02531005859384,34.17402954101756,34.25832763672172,34.279157714846,34.1819946289076,34.6953417968696,33.85140502929944,33.25463867187464,33.80488891601468,32.895078125
ISR,bccr_bcm2_0,a2,tas,2060,2079,35.0958264160172,34.8567309570344,35.1552954101576,35.241955566404,35.3815588378904,36.2069067382844,37.1506762695272,37.3817517089864,36.9597229003904,36.8311828613288,36.4368066406304,35.2863623046848
ISR,bccr_bcm2_0,b1,tas,2060,2079,33.16971435546884,33.64521362304692,33.46618041992192,34.17717163086068,34.64014648437536,34.60235351562608,35.3111584472672,34.672819824219204,34.6519018554656,34.22443481445416,34.6041992187464,33.91709228515976
ISR,bccr_bcm2_0,a2,tas,2080,2099,36.076993408202,36.8029589843732,36.1844396972636,36.6643115234384,36.8691735839864,38.7190844726576,38.2617785644556,39.6007592773424,38.994160156250004,39.1337524414076,38.632127685544404,36.6261889648424
ISR,bccr_bcm2_0,b1,tas,2080,2099,33.35930541992264,34.18135742187428,33.87260864257664,34.612911376952,35.9685583496096,35.408222656250004,34.884548339846,35.1893859863288,35.0729528808632,34.9783605957056,34.7048999023424,33.0389880371096
ITA,bccr_bcm2_0,a2,tas,2020,2039,33.95354125976474,34.05827941894526,33.91813415527346,34.36614746093726,34.44638977050794,33.58203491211008,33.33433898925783,32.921527709960785,33.37548278808621,32.29053527832037,32.48559753417973,34.17236328125048
ITA,bccr_bcm2_0,b1,tas,2020,2039,33.63277343749946,34.018300170898456,33.59094299316512,33.88640380859354,33.55723510742162,33.616689453125,33.84498168945422,33.69665527343654,33.77650390624916,33.44216064453146,31.709578247070333,34.23807067871168
ITA,bccr_bcm2_0,a2,tas,2040,2059,35.2340106201164,34.57024230957104,34.791419067383,35.2525006103528,34.4227874755844,34.6296582031238,34.6184906005868,33.4520483398445,33.70286437988192,33.45370361328104,34.0100054931647,34.32406616210972
ITA,bccr_bcm2_0,b1,tas,2040,2059,34.56497253417842,34.42839233398442,33.85308776855402,34.0769049072281,33.75296203613282,34.29913635253802,34.14828308105456,33.5494055175779,33.42047180175746,34.09469726562554,32.990010986328016,34.45445556640688
ITA,bccr_bcm2_0,a2,tas,2060,2079,36.1129425048836,34.9755096435542,36.189969482423,36.9428460693368,35.7486175537136,36.1040820312494,36.0804083251976,35.69708984375,35.6716784667962,34.4699444580074,34.5967944335936,35.5462109375
ITA,bccr_bcm2_0,b1,tas,2060,2079,35.3254663085942,35.2882684326164,35.3262188720708,35.6955572509778,34.7535418701185,34.76307983398604,34.90650817871084,34.55520385742276,34.367546386718,33.34084289550789,32.47589843749994,34.64964599609402
ITA,bccr_bcm2_0,a2,tas,2080,2099,36.7637945556638,37.654533081056,37.128060913085,38.0528057861318,36.6176123046872,37.5576867675788,37.5130218505856,37.9052172851582,37.830155029296805,35.907869873045,35.1065911865222,36.9704986572266
ITA,bccr_bcm2_0,b1,tas,2080,2099,35.372764282226,35.1755212402352,35.1179144287106,35.6592218017586,35.4907482910166,35.4369134521496,35.219127807617,34.14535522461068,34.5019311523442,33.95483215332032,33.765363769531284,34.07384521484384
MAR,bccr_bcm2_0,a2,tas,2020,2039,32.73740509033193,33.60333374023415,33.83825164794959,34.98349670410253,34.7960671997081,33.23960662841825,34.05640991210852,33.77056488037079,34.51078521728654,33.20501617431653,32.79887084960948,33.58014160156268
MAR,bccr_bcm2_0,b1,tas,2020,2039,33.30782073974615,34.33487213134724,34.62260131835969,34.381360778806936,33.33381988525394,32.7391024780274,34.46641693115096,33.60963165283256,33.6579852294923,32.71408660888673,32.18198303222656,32.97078491210951
MAR,bccr_bcm2_0,a2,tas,2040,2059,33.81349945068464,35.01309387206912,35.5337799072278,36.41992340087903,35.78474334716609,34.36334594726756,34.41571228027472,34.39553314209098,34.94910400390697,33.79776153564344,33.39422821044941,33.14871673583981
MAR,bccr_bcm2_0,b1,tas,2040,2059,33.31618957519547,34.09519165039238,35.2452679443374,35.65345672607414,34.809489746093476,34.32686035156367,34.50891754150457,34.18369201660244,34.77170227050671,34.39219329834224,33.04065795898442,33.31839508056644
MAR,bccr_bcm2_0,a2,tas,2060,2079,34.5796310424803,35.7714004516592,37.509281005858696,37.844026184082196,37.0547106933596,36.302814636231204,36.9466546630856,36.817496643065,37.880451354981204,36.1361959838897,35.0627301025385,34.923824462891304
MAR,bccr_bcm2_0,b1,tas,2060,2079,33.79852233886685,35.1914129638691,36.7780776977534,36.941688842773104,36.36151184081984,34.93938934326344,35.34281005859276,35.26734497070146,35.3641619873048,34.815724487304436,33.49297882080149,34.54353820800653
MAR,bccr_bcm2_0,a2,tas,2080,2099,36.2414669799803,38.1228756713852,39.3702798461909,40.5446194458014,39.6704098510745,38.5727740478501,39.1349609374991,38.9530905151361,38.9993127441404,38.051893005371596,36.8453112792962,36.3006173706035
MAR,bccr_bcm2_0,b1,tas,2080,2099,34.47324218750189,34.66267669677704,36.2604321289058,37.0157723999042,35.34473815918178,34.84792266845684,35.84378662109321,35.8611120605462,36.1445126342774,34.9806567382808,34.06488311767631,34.05548706054584
MDA,bccr_bcm2_0,a2,tas,2020,2039,36.7101135253904,34.6044079589828,34.2708410644556,35.5073742675788,36.324855957038,33.31996337890616,33.9834826660172,35.0770397949212,34.032108154298,33.61046386718732,32.56748779296848,35.5579882812464
MDA,bccr_bcm2_0,b1,tas,2020,2039,36.9692150878904,34.292868652338804,34.890920410154,35.8411059570344,34.3879003906268,34.6354113769556,35.1294445800752,35.2886035156196,33.73345581054656,34.1609118652364,33.16070556640616,37.773677978513604
MDA,bccr_bcm2_0,a2,tas,2040,2059,40.836951904298004,37.143370361325196,37.043977050780796,38.317841796873196,36.0115039062464,35.649174804692,37.999666748048,36.0893530273424,35.0326989746132,35.0062109375,34.659086914061604,37.4275976562464
MDA,bccr_bcm2_0,b1,tas,2040,2059,36.937091064452,35.6078002929692,34.11623046875072,34.3943713378904,33.65962768554728,34.885592041017205,34.5805126953116,34.7888134765616,32.05211914062511,33.6930261230498,33.18475463867192,34.17343627929836
MDA,bccr_bcm2_0,a2,tas,2060,2079,41.6079064941404,38.0228808593804,39.2321569824248,40.84126953125,38.573966064452,37.7561657714864,38.0863818359384,39.2997778320308,37.1097192382808,35.8555200195308,36.0558666992156,37.670834960942
MDA,bccr_bcm2_0,b1,tas,2060,2079,38.7225671386748,37.5558850097636,37.339454345705605,37.6421057128868,34.29641723632736,35.0037939453152,36.1664660644556,36.6871191406268,34.6537145996096,33.77612670898604,32.97582763671884,34.33130981445164
MDA,bccr_bcm2_0,a2,tas,2080,2099,42.2532543945344,42.195795898442,42.542062988280804,43.886437988280804,38.6502111816368,39.5963427734384,40.0979455566404,41.254157714846,39.345404052732796,37.3506164550824,35.5174267578116,39.9838964843732
MDA,bccr_bcm2_0,b1,tas,2080,2099,40.556756591798,37.4311022949176,35.6008349609348,37.6144091796848,36.148536376955605,36.3419506835924,36.2986096191404,34.686036376952,35.2325732421884,33.48093505859348,34.7811889648424,35.6376721191404
NZL,bccr_bcm2_0,a2,tas,2020,2039,33.8982118879055,33.85265982491512,34.265941946847306,34.10671277727449,34.111511448452276,33.78668692452504,33.92937970842766,33.664634704590284,33.752933393203655,33.6583469935832,34.04595249720867,33.77390158516942
NZL,bccr_bcm2_0,b1,tas,2020,2039,33.6888497488829,33.70905674525647,33.801381138392536,33.819094630649175,33.56353302002028,33.41134490966787,33.660528564453735,33.377820914132215,33.524086216518114,33.56179286411769,33.62605699811637,33.73120204380532
NZL,bccr_bcm2_0,a2,tas,2040,2059,34.845670863559526,34.49505201067175,34.849918256486646,35.12505907331156,34.90392390659857,34.573463003976286,34.79164167131857,34.4184537615125,34.10349339076353,34.39705200195354,34.699568394252715,35.10543866838806
NZL,bccr_bcm2_0,b1,tas,2040,2059,34.43317347935281,34.43887656075573,34.88584551129931,34.86485181536021,34.640989685056724,34.269914681571585,34.502191162108375,33.98556104387613,34.00795549665159,34.073581150598834,33.99102281842912,34.65363377162467
NZL,bccr_bcm2_0,a2,tas,2060,2079,35.92653132847357,35.945747593469854,36.017319597517144,36.25031018938293,36.1119864327575,36.097700282506146,35.727323695593284,35.504154096330716,35.3114990234375,35.51135014125179,35.632093811036,35.85302886962814
NZL,bccr_bcm2_0,b1,tas,2060,2079,35.65365251813536,35.18470698765286,35.72493024553572,35.46341247558779,35.144393048968354,34.9463056291835,34.999542236327,34.683979579381784,34.40707898821051,34.66215013776543,35.162567574638,35.65107465471564
NZL,bccr_bcm2_0,a2,tas,2080,2099,37.36284266880629,37.42540980747671,37.4291314261295,37.78664419991686,37.67556065150622,37.03806130545564,37.172418212892715,36.457582964216,36.41179940359829,36.597507585798716,36.76952209472407,37.03675864083543
NZL,bccr_bcm2_0,b1,tas,2080,2099,35.59888371058822,35.358793204171356,35.673070853098146,35.89442770821672,36.10740944998593,35.696544320242786,35.168957301547785,35.03769422258686,35.13589433942514,35.4128616333005,35.57671486990829,35.82227303641143
PRT,bccr_bcm2_0,a2,tas,2020,2039,32.613366699218815,32.90127912248849,32.97754385811924,33.23070809500576,33.422086007254656,32.65365905761743,33.22455575125579,33.16035243443064,33.31915196010144,32.97352600097664,32.32902875627776,33.059070260183425
PRT,bccr_bcm2_0,b1,tas,2020,2039,32.77861284528461,33.32332284109983,33.43681945800873,33.08385620117197,33.23710763113846,32.7393916538783,33.395557948521926,33.14587402343699,33.141244070870215,32.7604461669923,32.56370849609352,33.10408281598713
PRT,bccr_bcm2_0,a2,tas,2040,2059,33.37364022391194,33.628621128626946,33.80105939592701,34.083827863421256,34.690477207727554,33.871214948381855,33.7037754603794,33.542562866210346,33.976805332728844,33.75093427385553,32.98896571568077,33.27514386858269
PRT,bccr_bcm2_0,b1,tas,2040,2059,33.14915030343213,33.281453159877074,33.66826215471474,33.87160339355429,33.676246861050075,33.46650608607706,33.996949550085326,33.80862034388956,33.598447963169384,33.17590985979432,32.62982264927447,33.34085780552471
PRT,bccr_bcm2_0,a2,tas,2060,2079,34.91355852399586,34.69390258789014,35.37076241629271,35.30209786551243,35.61730739048686,35.179172624861856,35.254060145786426,35.379237583706,35.834679739812714,35.22816380091843,35.04768197195943,35.238855852399716
PRT,bccr_bcm2_0,b1,tas,2060,2079,33.68145359584233,34.0694828578391,34.37925022670386,34.80482918875923,34.988265555243544,34.200687081473475,33.90299290248273,33.7130863734659,34.15092293875588,34.020056152346385,33.25511736188664,34.031835065570256
PRT,bccr_bcm2_0,a2,tas,2080,2099,35.532685198102996,35.923731776646285,36.23601815360086,36.568978445869575,36.88572998046971,36.55527692522257,37.15497741698857,36.8288129534,36.567926897318856,36.49806954520186,35.329139927453426,35.70923156738514
PRT,bccr_bcm2_0,b1,tas,2080,2099,33.5123700823103,33.66039123535113,34.153492954798914,34.4152147565579,34.398892211914145,34.017034912108954,34.6053724016459,34.443014090402684,34.67702680315314,34.400155639648744,33.22972717285151,33.544677734375256
ROU,bccr_bcm2_0,a2,tas,2020,2039,35.9753955078116,34.6460388183572,34.48226562500048,35.470434570311596,35.5641479492216,33.75977905273256,34.06828979492432,34.8247497558602,33.93062011718624,33.34998168945308,32.69097412109372,35.06925048827924
ROU,bccr_bcm2_0,b1,tas,2020,2039,35.8641149902352,34.60800048827996,34.42900390625036,35.2249157714876,33.76154052734408,34.49012451171656,35.143935546875,35.05010131835624,33.75989990234324,34.16992797851576,32.73005249023436,36.8500134277352
ROU,bccr_bcm2_0,a2,tas,2040,2059,39.2726452636724,36.2856347656232,36.6830505371084,37.2828088378892,35.4253027343744,35.6808154296896,37.7558435058584,35.40655273437344,34.8799084472648,34.7927172851564,34.726583251952,36.438319091798
ROU,bccr_bcm2_0,b1,tas,2040,2059,36.1757165527328,35.3960717773448,33.9967944335954,34.44757812500048,33.57413940429716,34.77692626953068,34.69200195312284,34.72865966796872,32.30704589843757,33.68874511718864,33.04436767578128,34.09053710937668
ROU,bccr_bcm2_0,a2,tas,2060,2079,39.8388110351564,36.9442321777352,38.4741040039076,39.4593908691416,37.312006835936,37.364953613282005,38.4032238769532,38.9083679199224,36.859545898436,35.5893615722636,35.5944628906244,36.635212402342404
ROU,bccr_bcm2_0,b1,tas,2060,2079,37.4353063964852,36.8836938476552,36.9417346191404,36.9273168945308,33.84138183593744,34.8717456054698,36.604278564452,36.5968041992168,34.75848754882856,33.60128295898436,32.78140625000017,33.89926879882712
ROU,bccr_bcm2_0,a2,tas,2080,2099,40.0796423339852,40.6607788085936,40.614127197266,41.9594287109372,37.4788598632808,39.8129565429668,40.4873339843732,41.698316650390396,39.387738037112,36.89018676758,35.2290356445332,38.7504577636712
ROU,bccr_bcm2_0,b1,tas,2080,2099,38.86794921875,36.652259521484,35.5737353515604,36.8528259277316,36.0439172363288,36.5612084960912,36.7643310546872,34.85010620117264,35.1379589843756,33.59426635742156,34.53543945312512,34.7484240722654
SVN,bccr_bcm2_0,a2,tas,2020,2039,34.731448364255,35.12802734375,35.165380859375,35.523370361327,35.145660400394,34.0175567626934,34.155133056635,33.550390625,33.957269287115,32.4480499267577,32.462881469726,35.880590820308
SVN,bccr_bcm2_0,b1,tas,2020,2039,34.400704956053,35.298095703125,34.547207641601,34.631582641601,33.3910339355471,34.571652221687,34.369641113288,34.724636840822,34.480053710942,33.8140075683632,31.3973724365231,36.076696777346
SVN,bccr_bcm2_0,a2,tas,2040,2059,36.832308959966,35.906820678716,36.703192138673,36.441333007808,34.302569580077,35.51587219238,35.99965515137,33.8053558349624,34.24145812988,33.6302062988279,34.745236206053,35.204711914067
SVN,bccr_bcm2_0,b1,tas,2040,2059,36.062496948245,36.056481933596004,34.674896240231,34.905224609375,33.983004760745,35.090618896481,34.970483398442,33.3120422363279,33.4737884521481,34.542593383784,32.6188873291019,35.067025756841
SVN,bccr_bcm2_0,a2,tas,2060,2079,37.854971313485,36.379534912115,37.881173706053,38.734921264649,36.643453979486,37.298898315428,37.625247192389,36.999328613288,36.457620239255,34.368569946284,35.115530395505,36.37783203125
SVN,bccr_bcm2_0,b1,tas,2060,2079,36.771224975582,36.96733093262,36.960244750985,36.973373413082,34.576046752928,35.257968139649,36.050384521481,35.719421386721,35.136871337885,33.3608215332029,31.6835388183596,35.093667602543
SVN,bccr_bcm2_0,a2,tas,2080,2099,38.420547485351,40.029714965822,39.330215454110004,40.435385131832,36.914184570308,39.022158813476,38.973132324221,39.723004150394,39.207086181644,35.776797485351,35.213638305659,38.895321655274
SVN,bccr_bcm2_0,b1,tas,2080,2099,36.561688232423,36.518786621096,36.225479125976,36.513101196293,36.26156921387,36.651116943365,36.300543212894,34.553057861327,35.229156494144,34.036013793947,34.426083374024,34.650643920899
URY,bccr_bcm2_0,a2,tas,2020,2039,34.06844406127775,34.02182769775475,33.82440338134783,33.589344024658175,33.23153991699208,31.9399597167969,33.0879760742192,33.81634216308583,33.66648864746105,33.866247558596676,33.27532730102502,34.10405349731645
URY,bccr_bcm2_0,b1,tas,2020,2039,34.267488861083,33.641144561767774,33.3834190368656,34.01829147338758,33.7175682067877,31.922601318359284,32.17744293212896,33.5670486450197,33.5927841186524,34.49274978638075,33.6840461730941,34.33085250854675
URY,bccr_bcm2_0,a2,tas,2040,2059,34.388345336918,35.18817062378,34.5298011779795,35.31623687744225,33.33580017089877,32.840282440185575,34.457634735107,35.47165222168025,35.001773834229496,35.02167968750225,34.75718383788725,34.80995254516475
URY,bccr_bcm2_0,b1,tas,2040,2059,34.68726272583275,34.7464721679665,34.4598526000985,34.102817535398,33.3008293151858,32.12876663208005,33.04709320068343,35.186927795411,33.41231994628895,34.45516281127775,34.13536453247225,34.5950942993195
URY,bccr_bcm2_0,a2,tas,2060,2079,36.855847167971,37.149195861815,36.695309448245,35.4233673095675,34.4419105529795,33.682576751706875,34.8874267578125,37.20412750244,36.8447990417465,36.338143920899,35.813526153566,36.7057601928725
URY,bccr_bcm2_0,b1,tas,2060,2079,35.36008605956975,35.499090576173,35.02649307251075,34.124906921387,34.54362335205275,32.57120666503913,33.2669296264649,34.808304595946,35.6087684631335,36.0710525512715,34.46967163085825,35.02644500732225
URY,bccr_bcm2_0,a2,tas,2080,2099,38.34565505981825,38.2393554687545,37.6570320129365,37.74652938842675,36.9683265686045,35.75023803710825,36.77014694213825,39.106396484375,38.0810218811045,38.7372215270975,37.614267730715,37.85042572021625
URY,bccr_bcm2_0,b1,tas,2080,2099,34.803031158446004,34.8550651550255,34.81487579345675,34.72315368652175,33.728877258301175,33.69175033569215,34.26564178466825,36.22203216552425,34.67329635620075,35.895848083493,35.033469390869,35.24071960449275
USA,bccr_bcm2_0,a2,tas,2020,2039,34.18343908447845,33.65916438304904,33.490363561007264,34.01908916368741,33.75208508879195,33.58702002927241,33.80141342809962,33.36140427434835,33.01340465973746,33.84428408044835,33.59442929389189,33.48466505397873
USA,bccr_bcm2_0,b1,tas,2020,2039,34.2966816205339,34.94365826461685,33.83764221495823,33.229234363432106,33.01098109219144,33.324295005893326,33.62439368193294,33.065762184504436,33.232118343058495,33.88205787106933,34.0821806871981,33.41649612084276
USA,bccr_bcm2_0,a2,tas,2040,2059,36.265026756534326,35.349135827423915,35.00431128903842,34.804981762512256,34.68985216706752,34.08212616651712,34.63577148741885,34.456852284571596,34.2089886672479,34.65584687877441,34.92015930327983,34.478152062470706
USA,bccr_bcm2_0,b1,tas,2040,2059,34.96605051092973,35.73445649182712,33.93955280560813,33.923753452063075,34.06465187738678,33.942071989825266,34.08693617823136,33.774442540499386,33.54209361849275,33.827856643182194,33.97390179336801,34.651100702833354
USA,bccr_bcm2_0,a2,tas,2060,2079,37.84853821561801,38.14949374305964,36.86767877212483,36.71574970349954,36.264098466601865,36.19334788334398,36.37946888455131,35.896238255679194,36.15606861447446,36.74835786510308,37.75723771930097,38.38067499098967
USA,bccr_bcm2_0,b1,tas,2060,2079,36.78708686352955,36.56432755391777,36.15972780146803,35.12933063459504,35.43460987119603,35.15076493336963,35.269652757145074,34.98232739988378,34.801034355639025,35.439739061769714,35.966784523371565,36.58094403273998
USA,bccr_bcm2_0,a2,tas,2080,2099,41.51097460054706,39.97770634601443,39.42385020267942,37.879992949754325,37.88296213506798,37.783133261816104,38.035716753648,37.62952069594118,37.8621975639514,38.873014683140816,39.95745718711214,41.624536589433376
USA,bccr_bcm2_0,b1,tas,2080,2099,38.367376944906816,38.512143804309495,36.62007590886085,35.89800079421826,35.70927711543857,35.4846130066676,35.5605574381918,35.32792933742296,34.795785164773655,35.35609337861374,36.51249735920224,37.591806699985895
ZAF,bccr_bcm2_0,a2,tas,2020,2039,33.910400266062325,33.66734793526771,33.43163290218445,33.68646302515178,33.9416014379385,33.60252859933097,33.99604205696034,34.14617359394819,34.01225361726701,33.46202018893523,33.59447943239686,33.48878198740476
ZAF,bccr_bcm2_0,b1,tas,2020,2039,33.639937046596216,33.463270164022276,33.64903439891578,33.8484160754139,33.73388136260354,33.26267550721427,34.142416942362466,33.49331777144436,34.127380246532475,34.27480331732274,33.78695653798667,33.92661518953266
ZAF,bccr_bcm2_0,a2,tas,2040,2059,34.46868734554523,34.79156431859906,34.398908467196,34.491978361168385,34.63997653260393,34.775356121452326,35.524103530572404,35.00221819196318,34.74619414660437,34.353796137596085,34.61864960339648,34.61677744339951
ZAF,bccr_bcm2_0,b1,tas,2040,2059,34.40580406967465,34.29534662986265,34.37334395428155,34.38620916872551,34.37208276865384,34.35156748246247,34.61282460738228,34.54675193319396,34.68665497448936,34.64219509825236,34.22823922293543,34.076474310427244
ZAF,bccr_bcm2_0,a2,tas,2060,2079,36.02692422672212,35.75131088568102,36.039704241070694,35.91325272540641,35.862035136319875,36.1498276068227,36.69887496014049,36.58232795559616,37.38417520328527,36.511509860292165,36.52458695392265,36.50132284359029
ZAF,bccr_bcm2_0,b1,tas,2060,2079,34.757412532885915,34.75613565250204,34.569634885203826,35.03101694535224,35.16345152563192,34.72322487344527,35.335200344786855,35.53183319714527,35.01868871572131,34.41502698002949,34.30089472556671,34.79860677913718
ZAF,bccr_bcm2_0,a2,tas,2080,2099,37.92536957409873,37.74533952985498,37.85602005939016,37.73229606784143,37.94209233497931,37.98760263871118,38.882809012277065,38.67449365732522,39.07308997329469,38.715959198621064,38.75257169762441,38.39158673967604
ZAF,bccr_bcm2_0,b1,tas,2080,2099,35.58203399035253,35.37711654974527,35.07207105986967,35.263707375038734,35.12167993662175,35.05134613659947,35.59026252590894,35.8665541045509,36.13917647381257,35.88104372608326,35.60982379524004,35.78167575135592
